file,path
pilot_rows_q3_upgraded.csv,/kaggle/working/epu_attention_q3_upgraded_outputs/pilot_rows_q3_upgraded.csv
run_status_q3_upgraded.csv,/kaggle/working/epu_attention_q3_upgraded_outputs/run_status_q3_upgraded.csv
q3_results_wide_upgraded.csv,/kaggle/working/epu_attention_q3_upgraded_outputs/q3_results_wide_upgraded.csv
q3_results_long_upgraded.csv,/kaggle/working/epu_attention_q3_upgraded_outputs/q3_results_long_upgraded.csv
q3_summary_overall_upgraded.csv,/kaggle/working/epu_attention_q3_upgraded_outputs/q3_summary_overall_upgraded.csv
q3_pairwise_proof_upgraded.csv,/kaggle/working/epu_attention_q3_upgraded_outputs/q3_pairwise_proof_upgraded.csv
q3_summary_by_gold_epu_upgraded.csv,/kaggle/working/epu_attention_q3_upgraded_outputs/q3_summary_by_gold_epu_upgraded.csv
q3_summary_by_disagreement_upgraded.csv,/kaggle/working/epu_attention_q3_upgraded_outputs/q3_summary_by_disagreement_upgraded.csv
q3_summary_by_truncation_upgraded.csv,/kaggle/working/epu_attention_q3_upgraded_outputs/q3_summary_by_truncation_upgraded.csv
q3_subtask_table_upgraded.csv,/kaggle/working/epu_attention_q3_upgraded_outputs/q3_subtask_table_upgraded.csv
q3_dependency_table_upgraded.csv,/kaggle/working/epu_attention_q3_upgraded_outputs/q3_dependency_table_upgraded.csv
q3_most_harmed_rows_upgraded.csv,/kaggle/working/epu_attention_q3_upgraded_outputs/q3_most_harmed_rows_upgraded.csv
q3_article_model_matrix_upgraded.csv,/kaggle/working/epu_attention_q3_upgraded_outputs/q3_article_model_matrix_upgraded.csv
